RewriteEngine On
RewriteBase /

# Redirect 2012--2013 WordPress Site to archive location
RedirectMatch 301 ^(/(art|web|family|theology)/201[23]/\d\d/.*) //2012-2013.chriskrycho.com$1

# Ars Artis
Redirect 301 /art/harry-potter-reread-philosophers-stone/ //2012-2013.chriskrycho.com/art/harry-potter-reread-philosophers-stone/
Redirect 301 /art/on-writing-and-missed-days/ //2012-2013.chriskrycho.com/art/on-writing-and-missed-days/
Redirect 301 /art/writing-always-something-that-isnt-finished-yet/ //2012-2013.chriskrycho.com/art/writing-always-something-that-isnt-finished-yet/
Redirect 301 /art/about-that-book/ //2012-2013.chriskrycho.com/art/about-that-book/
Redirect 301 /art/spring-forest-after-rain/ //2012-2013.chriskrycho.com/art/spring-forest-after-rain/
Redirect 301 /art/a-covenant-that-bestows-dignity/ //2012-2013.chriskrycho.com/art/a-covenant-that-bestows-dignity/
Redirect 301 /art/something-rather-than-nothing/ //2012-2013.chriskrycho.com/art/something-rather-than-nothing/
Redirect 301 /art/a-semantic-sacrament/ //2012-2013.chriskrycho.com/art/a-semantic-sacrament/
Redirect 301 /art/a-distant-glorious-echo/ //2012-2013.chriskrycho.com/art/a-distant-glorious-echo/
Redirect 301 /art/dependable-as-bread/ //2012-2013.chriskrycho.com/art/dependable-as-bread/
Redirect 301 /art/doom-is-held-less-literary/ //2012-2013.chriskrycho.com/art/doom-is-held-less-literary/
Redirect 301 /art/jackson-and-tolkien-hollywoods-infatuation-with-angst/ //2012-2013.chriskrycho.com/art/jackson-and-tolkien-hollywoods-infatuation-with-angst/
Redirect 301 /art/announcement-the-world-as-it-is/ //2012-2013.chriskrycho.com/art/announcement-the-world-as-it-is/
Redirect 301 /art/the-most-important/ //2012-2013.chriskrycho.com/art/the-most-important/
Redirect 301 /art/i-nearly-wept/ //2012-2013.chriskrycho.com/art/i-nearly-wept/
Redirect 301 /art/what-really-happens/ //2012-2013.chriskrycho.com/art/what-really-happens/
Redirect 301 /art/already-an-enchanters-power/ //2012-2013.chriskrycho.com/art/already-an-enchanters-power/
Redirect 301 /art/a-profound-desire/ //2012-2013.chriskrycho.com/art/a-profound-desire/
Redirect 301 /art/no-poetry-tonight/ //2012-2013.chriskrycho.com/art/no-poetry-tonight/
Redirect 301 /art/a-doxology-in-itself/ //2012-2013.chriskrycho.com/art/a-doxology-in-itself/
Redirect 301 /art/harvest-face/ //2012-2013.chriskrycho.com/art/harvest-face/
Redirect 301 /art/bloodlines-serial-fiction-by-jaimie-krycho/ //2012-2013.chriskrycho.com/art/bloodlines-serial-fiction-by-jaimie-krycho/
Redirect 301 /art/amid-weeping-there-is-joy/ //2012-2013.chriskrycho.com/art/amid-weeping-there-is-joy/
Redirect 301 /art/airplane-window/ //2012-2013.chriskrycho.com/art/airplane-window/
Redirect 301 /art/poetry-breeds-poetry/ //2012-2013.chriskrycho.com/art/poetry-breeds-poetry/
Redirect 301 /art/on-avid-and-sibelius/ //2012-2013.chriskrycho.com/art/on-avid-and-sibelius/
Redirect 301 /art/moon-shadows-dapple/ //2012-2013.chriskrycho.com/art/moon-shadows-dapple/
Redirect 301 /art/evangelistic-tracts-and-real-art/ //2012-2013.chriskrycho.com/art/evangelistic-tracts-and-real-art/
Redirect 301 /art/restless/ //2012-2013.chriskrycho.com/art/restless/
Redirect 301 /art/the-darkness-is-filled/ //2012-2013.chriskrycho.com/art/the-darkness-is-filled/
Redirect 301 /art/the-return-of-the-shadow/ //2012-2013.chriskrycho.com/art/the-return-of-the-shadow/
Redirect 301 /art/and-the-stew-tastes-good/ //2012-2013.chriskrycho.com/art/and-the-stew-tastes-good/
Redirect 301 /art/and-the-night-was-beautiful/ //2012-2013.chriskrycho.com/art/and-the-night-was-beautiful/
Redirect 301 /art/sunrise-in-fog/ //2012-2013.chriskrycho.com/art/sunrise-in-fog/
Redirect 301 /art/when-the-cord-of-monotony-is-stretched-most-tight/ //2012-2013.chriskrycho.com/art/when-the-cord-of-monotony-is-stretched-most-tight/
Redirect 301 /art/that-ragged-edge/ //2012-2013.chriskrycho.com/art/that-ragged-edge/
Redirect 301 /art/not-merely-a-world-full-of-miracles/ //2012-2013.chriskrycho.com/art/not-merely-a-world-full-of-miracles/
Redirect 301 /art/mass-effect-3-and-art-as-dialectic/ //2012-2013.chriskrycho.com/art/mass-effect-3-and-art-as-dialectic/
Redirect 301 /art/robinsong-and-quiet-rain/ //2012-2013.chriskrycho.com/art/robinsong-and-quiet-rain/
Redirect 301 /art/the-triumph-of-howard-shore/ //2012-2013.chriskrycho.com/art/the-triumph-of-howard-shore/
Redirect 301 /art/consistency/ //2012-2013.chriskrycho.com/art/consistency/
Redirect 301 /art/zombies-wine-and-christian-music/ //2012-2013.chriskrycho.com/art/zombies-wine-and-christian-music/
Redirect 301 /art/no-more-than-a-chill-mist/ //2012-2013.chriskrycho.com/art/no-more-than-a-chill-mist/
Redirect 301 /art/they-stand-not-lonely/ //2012-2013.chriskrycho.com/art/they-stand-not-lonely/
Redirect 301 /art/venus-after-sunset/ //2012-2013.chriskrycho.com/art/venus-after-sunset/
Redirect 301 /art/84/ //2012-2013.chriskrycho.com/art/84/
Redirect 301 /art/wed-call-a-tree-a-fool/ //2012-2013.chriskrycho.com/art/wed-call-a-tree-a-fool/
Redirect 301 /art/atrophied-muscles/ //2012-2013.chriskrycho.com/art/atrophied-muscles/
Redirect 301 /art/processional-update/ //2012-2013.chriskrycho.com/art/processional-update/
Redirect 301 /art/drive-poem-2/ //2012-2013.chriskrycho.com/art/drive-poem-2/
Redirect 301 /art/artists/ //2012-2013.chriskrycho.com/art/artists/

# From the Hearth
Redirect 301 /family/one-semester-down/ //2012-2013.chriskrycho.com/family/one-semester-down/
Redirect 301 /family/busy-as-can-be/ //2012-2013.chriskrycho.com/family/busy-as-can-be/
Redirect 301 /family/growing-pains/ //2012-2013.chriskrycho.com/family/growing-pains/
Redirect 301 /family/snow-coffee-and-writing/ //2012-2013.chriskrycho.com/family/snow-coffee-and-writing/
Redirect 301 /family/from-north-carolina/ //2012-2013.chriskrycho.com/family/from-north-carolina/
Redirect 301 /family/getting-settled-in/ //2012-2013.chriskrycho.com/family/getting-settled-in/
Redirect 301 /family/christmas-letter-2012/ //2012-2013.chriskrycho.com/family/christmas-letter-2012/
Redirect 301 /family/early-november-already/ //2012-2013.chriskrycho.com/family/early-november-already/
Redirect 301 /family/trying-to-help/ //2012-2013.chriskrycho.com/family/trying-to-help/
Redirect 301 /family/laying-a-foundation/ //2012-2013.chriskrycho.com/family/laying-a-foundation/
Redirect 301 /family/three-months-and-a-rant/ //2012-2013.chriskrycho.com/family/three-months-and-a-rant/
Redirect 301 /family/so-that-our-family-page/ //2012-2013.chriskrycho.com/family/so-that-our-family-page/
Redirect 301 /family/still-on-the-planet-mostly/ //2012-2013.chriskrycho.com/family/still-on-the-planet-mostly/
Redirect 301 /family/fun-and-games-and-frustrations/ //2012-2013.chriskrycho.com/family/fun-and-games-and-frustrations/
Redirect 301 /family/almost-7-weeks-things-are-changing/ //2012-2013.chriskrycho.com/family/almost-7-weeks-things-are-changing/
Redirect 301 /family/marriage-depression/ //2012-2013.chriskrycho.com/family/marriage-depression/
Redirect 301 /family/dancing-ellie-kay/ //2012-2013.chriskrycho.com/family/dancing-ellie-kay/
Redirect 301 /family/elayne-kaylee-krycho/ //2012-2013.chriskrycho.com/family/elayne-kaylee-krycho/
Redirect 301 /family/reviewed-shepherding-a-childs-heart/ //2012-2013.chriskrycho.com/family/reviewed-shepherding-a-childs-heart/
Redirect 301 /family/its-official/ //2012-2013.chriskrycho.com/family/its-official/
Redirect 301 /family/a-mothers-day-letter-to-my-wife/ //2012-2013.chriskrycho.com/family/a-mothers-day-letter-to-my-wife/
Redirect 301 /family/our-past-four-weeks/ //2012-2013.chriskrycho.com/family/our-past-four-weeks/
Redirect 301 /family/sleeping-during-worship-rehearsal/ //2012-2013.chriskrycho.com/family/sleeping-during-worship-rehearsal/
Redirect 301 /family/studying-jesus-in-the-pentateuch/ //2012-2013.chriskrycho.com/family/studying-jesus-in-the-pentateuch/
Redirect 301 /family/just-a-little-sleepy/ //2012-2013.chriskrycho.com/family/just-a-little-sleepy/
Redirect 301 /family/to-birth-class/ //2012-2013.chriskrycho.com/family/to-birth-class/
Redirect 301 /family/a-matter-of-hope/ //2012-2013.chriskrycho.com/family/a-matter-of-hope/
Redirect 301 /family/thoughts-about-labor-the-baby-kind/ //2012-2013.chriskrycho.com/family/thoughts-about-labor-the-baby-kind/
Redirect 301 /family/a-timeline-update/ //2012-2013.chriskrycho.com/family/a-timeline-update/
Redirect 301 /family/miscellanies-in-march/ //2012-2013.chriskrycho.com/family/miscellanies-in-march/
Redirect 301 /family/baby-musings-video-games/ //2012-2013.chriskrycho.com/family/baby-musings-video-games/
Redirect 301 /family/challenges-blessings-and-transitions/ //2012-2013.chriskrycho.com/family/challenges-blessings-and-transitions/
Redirect 301 /family/success-at-the-cost-of-my-children-is-not-success/ //2012-2013.chriskrycho.com/family/success-at-the-cost-of-my-children-is-not-success/
Redirect 301 /family/hi-belch/ //2012-2013.chriskrycho.com/family/hi-belch/
Redirect 301 /family/this-is-awesome/ //2012-2013.chriskrycho.com/family/this-is-awesome/
Redirect 301 /family/an-amusing-interlude/ //2012-2013.chriskrycho.com/family/an-amusing-interlude/
Redirect 301 /family/frightening-revelation/ //2012-2013.chriskrycho.com/family/frightening-revelation/
Redirect 301 /family/tripod-antenna/ //2012-2013.chriskrycho.com/family/tripod-antenna/
Redirect 301 /family/50-mph-winds/ //2012-2013.chriskrycho.com/family/50-mph-winds/
Redirect 301 /family/first-kick/ //2012-2013.chriskrycho.com/family/first-kick/
Redirect 301 /family/happiness-on-the-table/ //2012-2013.chriskrycho.com/family/happiness-on-the-table/
Redirect 301 /family/subscription-info/ //2012-2013.chriskrycho.com/family/subscription-info/
Redirect 301 /family/this-one-takes-the-cake/ //2012-2013.chriskrycho.com/family/this-one-takes-the-cake/
Redirect 301 /family/up-too-late/ //2012-2013.chriskrycho.com/family/up-too-late/
Redirect 301 /family/right-on-mr-tebow/ //2012-2013.chriskrycho.com/family/right-on-mr-tebow/
Redirect 301 /family/first-post/ //2012-2013.chriskrycho.com/family/first-post/
Redirect 301 /family/friends/ //2012-2013.chriskrycho.com/family/friends/
Redirect 301 /family/our-family/ //2012-2013.chriskrycho.com/family/our-family/

# Ardent Fidelity
Redirect 301 /theology/review-cambridge-introduction-biblical-hebrew/ //2012-2013.chriskrycho.com/theology/review-cambridge-introduction-biblical-hebrew/
Redirect 301 /theology/predestination-atonement-perseverance-among-reformers/ //2012-2013.chriskrycho.com/theology/predestination-atonement-perseverance-among-reformers/
Redirect 301 /theology/zwingli-luther-comparison/ //2012-2013.chriskrycho.com/theology/zwingli-luther-comparison/
Redirect 301 /theology/introduction-to-the-bible/ //2012-2013.chriskrycho.com/theology/introduction-to-the-bible/
Redirect 301 /theology/concordism/ //2012-2013.chriskrycho.com/theology/concordism/
Redirect 301 /theology/end-beginning/ //2012-2013.chriskrycho.com/theology/end-beginning/
Redirect 301 /theology/whose-story/ //2012-2013.chriskrycho.com/theology/whose-story/
Redirect 301 /theology/will-of-god/ //2012-2013.chriskrycho.com/theology/will-of-god/
Redirect 301 /theology/will-of-god-part-iii/ //2012-2013.chriskrycho.com/theology/will-of-god-part-iii/
Redirect 301 /theology/will-of-god-part-ii/ //2012-2013.chriskrycho.com/theology/will-of-god-part-ii/
Redirect 301 /theology/will-of-god-part-i/ //2012-2013.chriskrycho.com/theology/will-of-god-part-i/
Redirect 301 /theology/reflections-6-7-weeks-devotional-reflections/ //2012-2013.chriskrycho.com/theology/reflections-6-7-weeks-devotional-reflections/
Redirect 301 /theology/reflections-knowing-god-chapters-3-4/ //2012-2013.chriskrycho.com/theology/reflections-knowing-god-chapters-3-4/
Redirect 301 /theology/dont-miss-just-familiar/ //2012-2013.chriskrycho.com/theology/dont-miss-just-familiar/
Redirect 301 /theology/jacob-leah-rachel-mess/ //2012-2013.chriskrycho.com/theology/jacob-leah-rachel-mess/
Redirect 301 /theology/reflections-knowing-god-chapters-1-2/ //2012-2013.chriskrycho.com/theology/reflections-knowing-god-chapters-1-2/
Redirect 301 /theology/the-passion/ //2012-2013.chriskrycho.com/theology/the-passion/
Redirect 301 /theology/then-they-spit-in-his-face/ //2012-2013.chriskrycho.com/theology/then-they-spit-in-his-face/
Redirect 301 /theology/being-disciplined-or-not/ //2012-2013.chriskrycho.com/theology/being-disciplined-or-not/
Redirect 301 /theology/be-teachable-jesus-is-coming-back/ //2012-2013.chriskrycho.com/theology/be-teachable-jesus-is-coming-back/
Redirect 301 /theology/a-bit-more-boldness-please/ //2012-2013.chriskrycho.com/theology/a-bit-more-boldness-please/
Redirect 301 /theology/the-gospel-in-the-proverbsresurrection-twice/ //2012-2013.chriskrycho.com/theology/the-gospel-in-the-proverbsresurrection-twice/
Redirect 301 /theology/doubt-is-not-a-christian-virtue/ //2012-2013.chriskrycho.com/theology/doubt-is-not-a-christian-virtue/
Redirect 301 /theology/the-lords-supper-and-gospel-unity/ //2012-2013.chriskrycho.com/theology/the-lords-supper-and-gospel-unity/
Redirect 301 /theology/thanksgiving-prayer-2013-08-11/ //2012-2013.chriskrycho.com/theology/thanksgiving-prayer-2013-08-11/
Redirect 301 /theology/seek-joy-where-it-lives/ //2012-2013.chriskrycho.com/theology/seek-joy-where-it-lives/
Redirect 301 /theology/the-great-and-humble-god/ //2012-2013.chriskrycho.com/theology/the-great-and-humble-god/
Redirect 301 /theology/on-race-hammer-nail-head/ //2012-2013.chriskrycho.com/theology/on-race-hammer-nail-head/
Redirect 301 /theology/uncontainable-song/ //2012-2013.chriskrycho.com/theology/uncontainable-song/
Redirect 301 /theology/you-are-the-messiah/ //2012-2013.chriskrycho.com/theology/you-are-the-messiah/
Redirect 301 /theology/one-day-hopefully-soon/ //2012-2013.chriskrycho.com/theology/one-day-hopefully-soon/
Redirect 301 /theology/as-sacrifices-living-holy-pleasing-to-god/ //2012-2013.chriskrycho.com/theology/as-sacrifices-living-holy-pleasing-to-god/
Redirect 301 /theology/be-broken-or-get-broken/ //2012-2013.chriskrycho.com/theology/be-broken-or-get-broken/
Redirect 301 /theology/marriage-and-sexual-purity/ //2012-2013.chriskrycho.com/theology/marriage-and-sexual-purity/
Redirect 301 /theology/a-living-sacrifice/ //2012-2013.chriskrycho.com/theology/a-living-sacrifice/
Redirect 301 /theology/than-many-sparrows/ //2012-2013.chriskrycho.com/theology/than-many-sparrows/
Redirect 301 /theology/speaking-of-wisdom/ //2012-2013.chriskrycho.com/theology/speaking-of-wisdom/
Redirect 301 /theology/hang-on-did-you-say-calmed-a-storm/ //2012-2013.chriskrycho.com/theology/hang-on-did-you-say-calmed-a-storm/
Redirect 301 /theology/the-hardest-passage-in-the-bible-for-me/ //2012-2013.chriskrycho.com/theology/the-hardest-passage-in-the-bible-for-me/
Redirect 301 /theology/you-already-got-your-prize/ //2012-2013.chriskrycho.com/theology/you-already-got-your-prize/
Redirect 301 /theology/surrendering-everything-to-win-something/ //2012-2013.chriskrycho.com/theology/surrendering-everything-to-win-something/
Redirect 301 /theology/four-books-five-passages-one-messiah/ //2012-2013.chriskrycho.com/theology/four-books-five-passages-one-messiah/
Redirect 301 /theology/the-hope-of-a-righteous-god/ //2012-2013.chriskrycho.com/theology/the-hope-of-a-righteous-god/
Redirect 301 /theology/learning-humility/ //2012-2013.chriskrycho.com/theology/learning-humility/
Redirect 301 /theology/o-god-of-my-righteousness/ //2012-2013.chriskrycho.com/theology/o-god-of-my-righteousness/
Redirect 301 /theology/when-the-first-maker-became-made/ //2012-2013.chriskrycho.com/theology/when-the-first-maker-became-made/
Redirect 301 /theology/head-coverings-an-exegesis-of-1-corinthians-11_2-16/ //2012-2013.chriskrycho.com/theology/head-coverings-an-exegesis-of-1-corinthians-11_2-16/
Redirect 301 /theology/objectivism-and-utilitarianism-in-the-dark-knight-rises/ //2012-2013.chriskrycho.com/theology/objectivism-and-utilitarianism-in-the-dark-knight-rises/
Redirect 301 /theology/he-who-made-all-things-restores-all-things/ //2012-2013.chriskrycho.com/theology/he-who-made-all-things-restores-all-things/
Redirect 301 /theology/contra-mundum-athanasius/ //2012-2013.chriskrycho.com/theology/contra-mundum-athanasius/
Redirect 301 /theology/to-the-city-of-the-living-god/ //2012-2013.chriskrycho.com/theology/to-the-city-of-the-living-god/
Redirect 301 /theology/a-better-priest/ //2012-2013.chriskrycho.com/theology/a-better-priest/
Redirect 301 /theology/wilson-and-anyabwile-on-black-and-tan/ //2012-2013.chriskrycho.com/theology/wilson-and-anyabwile-on-black-and-tan/
Redirect 301 /theology/no-trinity-no-dice/ //2012-2013.chriskrycho.com/theology/no-trinity-no-dice/
Redirect 301 /theology/in-your-face-satan/ //2012-2013.chriskrycho.com/theology/in-your-face-satan/
Redirect 301 /theology/wicked-prophet-righteous-heathens/ //2012-2013.chriskrycho.com/theology/wicked-prophet-righteous-heathens/
Redirect 301 /theology/the-one-who-communicates-himself/ //2012-2013.chriskrycho.com/theology/the-one-who-communicates-himself/
Redirect 301 /theology/nine-pointers-on-being-a-seminary-student-at-a-great-commission-seminary/ //2012-2013.chriskrycho.com/theology/nine-pointers-on-being-a-seminary-student-at-a-great-commission-seminary/
Redirect 301 /theology/when-the-context-is-the-oppressor/ //2012-2013.chriskrycho.com/theology/when-the-context-is-the-oppressor/
Redirect 301 /theology/posts-i-havent-written-yet/ //2012-2013.chriskrycho.com/theology/posts-i-havent-written-yet/
Redirect 301 /theology/we-are-not-troubled-by-being-put-to-death/ //2012-2013.chriskrycho.com/theology/we-are-not-troubled-by-being-put-to-death/
Redirect 301 /theology/great-love-and-great-wrath/ //2012-2013.chriskrycho.com/theology/great-love-and-great-wrath/
Redirect 301 /theology/the-mere-man-on-two-legs/ //2012-2013.chriskrycho.com/theology/the-mere-man-on-two-legs/
Redirect 301 /theology/a-strange-town-our-own-town/ //2012-2013.chriskrycho.com/theology/a-strange-town-our-own-town/
Redirect 301 /theology/bless-yahweh/ //2012-2013.chriskrycho.com/theology/bless-yahweh/
Redirect 301 /theology/banishing-death-like-straw-from-the-fire/ //2012-2013.chriskrycho.com/theology/banishing-death-like-straw-from-the-fire/
Redirect 301 /theology/he-takes-unto-himself-a-body/ //2012-2013.chriskrycho.com/theology/he-takes-unto-himself-a-body/
Redirect 301 /theology/between-the-apostles-and-the-reformation/ //2012-2013.chriskrycho.com/theology/between-the-apostles-and-the-reformation/
Redirect 301 /theology/revelation-and-salvation-in-psalm-19/ //2012-2013.chriskrycho.com/theology/revelation-and-salvation-in-psalm-19/
Redirect 301 /theology/more-than-a-decorative-flower/ //2012-2013.chriskrycho.com/theology/more-than-a-decorative-flower/
Redirect 301 /theology/the-pivotal-self-revelation-of-god-in-the-old-testament/ //2012-2013.chriskrycho.com/theology/the-pivotal-self-revelation-of-god-in-the-old-testament/
Redirect 301 /theology/god-will-provide-for-himself-the-lamb/ //2012-2013.chriskrycho.com/theology/god-will-provide-for-himself-the-lamb/
Redirect 301 /theology/dan-and-me-or-dialogue-as-it-should-be/ //2012-2013.chriskrycho.com/theology/dan-and-me-or-dialogue-as-it-should-be/
Redirect 301 /theology/a-theological-question/ //2012-2013.chriskrycho.com/theology/a-theological-question/
Redirect 301 /theology/to-be-filed-under-duh/ //2012-2013.chriskrycho.com/theology/to-be-filed-under-duh/
Redirect 301 /theology/something-awesome-in-the-dark/ //2012-2013.chriskrycho.com/theology/something-awesome-in-the-dark/
Redirect 301 /theology/pray-for-peace/ //2012-2013.chriskrycho.com/theology/pray-for-peace/
Redirect 301 /theology/zeal-and-mercy/ //2012-2013.chriskrycho.com/theology/zeal-and-mercy/
Redirect 301 /theology/the-local-churchs-competition/ //2012-2013.chriskrycho.com/theology/the-local-churchs-competition/
Redirect 301 /theology/a-righteous-branch/ //2012-2013.chriskrycho.com/theology/a-righteous-branch/
Redirect 301 /theology/from-eternity/ //2012-2013.chriskrycho.com/theology/from-eternity/
Redirect 301 /theology/necessarily-linguistically-unprepared/ //2012-2013.chriskrycho.com/theology/necessarily-linguistically-unprepared/
Redirect 301 /theology/to-ground-our-worship-in-reality/ //2012-2013.chriskrycho.com/theology/to-ground-our-worship-in-reality/
Redirect 301 /theology/with-a-grin/ //2012-2013.chriskrycho.com/theology/with-a-grin/
Redirect 301 /theology/just-get-along-and-work-together/ //2012-2013.chriskrycho.com/theology/just-get-along-and-work-together/
Redirect 301 /theology/published/ //2012-2013.chriskrycho.com/theology/published/
Redirect 301 /theology/the-next-feel-good-moment/ //2012-2013.chriskrycho.com/theology/the-next-feel-good-moment/
Redirect 301 /theology/the-cross-is-not-enough-and-neither-is-accuracy/ //2012-2013.chriskrycho.com/theology/the-cross-is-not-enough-and-neither-is-accuracy/
Redirect 301 /theology/two-black-churches-one-true-one-not/ //2012-2013.chriskrycho.com/theology/two-black-churches-one-true-one-not/
Redirect 301 /theology/three-shots-across-the-bow-of-culture/ //2012-2013.chriskrycho.com/theology/three-shots-across-the-bow-of-culture/
Redirect 301 /theology/christology-is-the-heart/ //2012-2013.chriskrycho.com/theology/christology-is-the-heart/
Redirect 301 /theology/dancing-with-glee-god-and-our-prayers/ //2012-2013.chriskrycho.com/theology/dancing-with-glee-god-and-our-prayers/
Redirect 301 /theology/epitaph-write-this-on-my-grave-stone/ //2012-2013.chriskrycho.com/theology/epitaph-write-this-on-my-grave-stone/
Redirect 301 /theology/encouragement-and-critique-a-resolution/ //2012-2013.chriskrycho.com/theology/encouragement-and-critique-a-resolution/
Redirect 301 /theology/if-you-knew-jesus-were-coming-back-on-friday/ //2012-2013.chriskrycho.com/theology/if-you-knew-jesus-were-coming-back-on-friday/
Redirect 301 /theology/family-vocation/ //2012-2013.chriskrycho.com/theology/family-vocation/
Redirect 301 /theology/paul-apostle-gods-glory-christ/ //2012-2013.chriskrycho.com/theology/paul-apostle-gods-glory-christ/
Redirect 301 /theology/marriage-depression/ //2012-2013.chriskrycho.com/theology/marriage-depression/
Redirect 301 /theology/less-noisome-insistence-more-joyful-exuberance-heaven/ //2012-2013.chriskrycho.com/theology/less-noisome-insistence-more-joyful-exuberance-heaven/
Redirect 301 /theology/our-god-really-is-greater/ //2012-2013.chriskrycho.com/theology/our-god-really-is-greater/
Redirect 301 /theology/shepherding-a-childs-heart/ //2012-2013.chriskrycho.com/theology/shepherding-a-childs-heart/
Redirect 301 /theology/catherine-the-great/ //2012-2013.chriskrycho.com/theology/catherine-the-great/
Redirect 301 /theology/firebrand-preaching-a-call-for-exultation-and-exhortation/ //2012-2013.chriskrycho.com/theology/firebrand-preaching-a-call-for-exultation-and-exhortation/
Redirect 301 /theology/behind-book-updates/ //2012-2013.chriskrycho.com/theology/behind-book-updates/
Redirect 301 /theology/what-even-wordsworth-knew/ //2012-2013.chriskrycho.com/theology/what-even-wordsworth-knew/
Redirect 301 /theology/church-behind-the-wire/ //2012-2013.chriskrycho.com/theology/church-behind-the-wire/
Redirect 301 /theology/collected-works-of-g-k-chesterton-vol-vi/ //2012-2013.chriskrycho.com/theology/collected-works-of-g-k-chesterton-vol-vi/
Redirect 301 /theology/the-central-point-of-this-drama/ //2012-2013.chriskrycho.com/theology/the-central-point-of-this-drama/
Redirect 301 /theology/the-miracle-of-the-killing-fields/ //2012-2013.chriskrycho.com/theology/the-miracle-of-the-killing-fields/
Redirect 301 /theology/more-on-jesus-nothing-everything/ //2012-2013.chriskrycho.com/theology/more-on-jesus-nothing-everything/
Redirect 301 /theology/jesus-plus-nothing-equals-everything/ //2012-2013.chriskrycho.com/theology/jesus-plus-nothing-equals-everything/
Redirect 301 /theology/principled-cooperation/ //2012-2013.chriskrycho.com/theology/principled-cooperation/
Redirect 301 /theology/as-many-striking-evidences/ //2012-2013.chriskrycho.com/theology/as-many-striking-evidences/
Redirect 301 /theology/lord-haste-the-day/ //2012-2013.chriskrycho.com/theology/lord-haste-the-day/
Redirect 301 /theology/an-aspen-in-a-forest-of-pines/ //2012-2013.chriskrycho.com/theology/an-aspen-in-a-forest-of-pines/
Redirect 301 /theology/an-instance-of-true-gratitude/ //2012-2013.chriskrycho.com/theology/an-instance-of-true-gratitude/
Redirect 301 /theology/the-end-of-all-tragedies/ //2012-2013.chriskrycho.com/theology/the-end-of-all-tragedies/
Redirect 301 /theology/regret-is-not-repentance/ //2012-2013.chriskrycho.com/theology/regret-is-not-repentance/
Redirect 301 /theology/dear-pastor-from-a-black-female-congregant/ //2012-2013.chriskrycho.com/theology/dear-pastor-from-a-black-female-congregant/
Redirect 301 /theology/gospel-vs-ethnocentrism-jesus-wins/ //2012-2013.chriskrycho.com/theology/gospel-vs-ethnocentrism-jesus-wins/
Redirect 301 /theology/change-this-legacy/ //2012-2013.chriskrycho.com/theology/change-this-legacy/
Redirect 301 /theology/white-church-alongside-black-pastors/ //2012-2013.chriskrycho.com/theology/white-church-alongside-black-pastors/
Redirect 301 /theology/pernicious/ //2012-2013.chriskrycho.com/theology/pernicious/
Redirect 301 /theology/short-interpretively-challenging-or-both/ //2012-2013.chriskrycho.com/theology/short-interpretively-challenging-or-both/
Redirect 301 /theology/to-be-an-abigail/ //2012-2013.chriskrycho.com/theology/to-be-an-abigail/
Redirect 301 /theology/on-missions-and-parachurch-ministries/ //2012-2013.chriskrycho.com/theology/on-missions-and-parachurch-ministries/
Redirect 301 /theology/deprived-of-our-crutches/ //2012-2013.chriskrycho.com/theology/deprived-of-our-crutches/
Redirect 301 /theology/do-you-have-a-peace-about-that/ //2012-2013.chriskrycho.com/theology/do-you-have-a-peace-about-that/
Redirect 301 /theology/jeremy-lin/ //2012-2013.chriskrycho.com/theology/jeremy-lin/
Redirect 301 /theology/not-a-private-reality/ //2012-2013.chriskrycho.com/theology/not-a-private-reality/
Redirect 301 /theology/a-theology-of-vocation/ //2012-2013.chriskrycho.com/theology/a-theology-of-vocation/
Redirect 301 /theology/outmoded/ //2012-2013.chriskrycho.com/theology/outmoded/
Redirect 301 /theology/the-book-of-the-dun-cow/ //2012-2013.chriskrycho.com/theology/the-book-of-the-dun-cow/
Redirect 301 /theology/our-own-three-acres-of-onions/ //2012-2013.chriskrycho.com/theology/our-own-three-acres-of-onions/
Redirect 301 /theology/shape-of-a-full-throated-laugh/ //2012-2013.chriskrycho.com/theology/shape-of-a-full-throated-laugh/
Redirect 301 /theology/the-world-is-flat/ //2012-2013.chriskrycho.com/theology/the-world-is-flat/
Redirect 301 /theology/reading-right-now/ //2012-2013.chriskrycho.com/theology/reading-right-now/
Redirect 301 /theology/not-preaching-enough-about-god/ //2012-2013.chriskrycho.com/theology/not-preaching-enough-about-god/
Redirect 301 /theology/frightening-revelation/ //2012-2013.chriskrycho.com/theology/frightening-revelation/
Redirect 301 /theology/back-to-a-theology-of-work-we-go/ //2012-2013.chriskrycho.com/theology/back-to-a-theology-of-work-we-go/
Redirect 301 /theology/ugh/ //2012-2013.chriskrycho.com/theology/ugh/
Redirect 301 /theology/whatdo-you-feel-about/ //2012-2013.chriskrycho.com/theology/whatdo-you-feel-about/
Redirect 301 /theology/an-unbelievable-indictment/ //2012-2013.chriskrycho.com/theology/an-unbelievable-indictment/
Redirect 301 /theology/singleness-and-kingdom/ //2012-2013.chriskrycho.com/theology/singleness-and-kingdom/
Redirect 301 /theology/subscription-info/ //2012-2013.chriskrycho.com/theology/subscription-info/
Redirect 301 /theology/partakers-of-the-divine-nature/ //2012-2013.chriskrycho.com/theology/partakers-of-the-divine-nature/
Redirect 301 /theology/book-responses-and-reviews/ //2012-2013.chriskrycho.com/theology/book-responses-and-reviews/
Redirect 301 /theology/gods-ultimate-goal/ //2012-2013.chriskrycho.com/theology/gods-ultimate-goal/
Redirect 301 /theology/a-soft-launc/ //2012-2013.chriskrycho.com/theology/a-soft-launc/
Redirect 301 /theology/theologians/ //2012-2013.chriskrycho.com/theology/theologians/

# Designgineering
Redirect 301 /web/floating-point-math-hard/ //2012-2013.chriskrycho.com/web/floating-point-math-hard/
Redirect 301 /web/python-homebrew-virtualenv-os-x-framework-builds/ //2012-2013.chriskrycho.com/web/python-homebrew-virtualenv-os-x-framework-builds/
Redirect 301 /web/itunes-radio-gamechanger/ //2012-2013.chriskrycho.com/web/itunes-radio-gamechanger/
Redirect 301 /web/great-deglobalization/ //2012-2013.chriskrycho.com/web/great-deglobalization/
Redirect 301 /web/stop-being-a-product/ //2012-2013.chriskrycho.com/web/stop-being-a-product/
Redirect 301 /web/the-little-things-why-im-done-with-android/ //2012-2013.chriskrycho.com/web/the-little-things-why-im-done-with-android/
Redirect 301 /web/os-x-a-few-much-needed-improvements/ //2012-2013.chriskrycho.com/web/os-x-a-few-much-needed-improvements/
Redirect 301 /web/new-sites-live/ //2012-2013.chriskrycho.com/web/new-sites-live/
Redirect 301 /web/modular-scales-fantastic-but-dont-overdo-it/ //2012-2013.chriskrycho.com/web/modular-scales-fantastic-but-dont-overdo-it/
Redirect 301 /web/step-stool-io-2/ //2012-2013.chriskrycho.com/web/step-stool-io-2/
Redirect 301 /web/step-stool-io-status/ //2012-2013.chriskrycho.com/web/step-stool-io-status/
Redirect 301 /web/youtube-video-name-trick/ //2012-2013.chriskrycho.com/web/youtube-video-name-trick/
Redirect 301 /web/markdown-and-academic-writing/ //2012-2013.chriskrycho.com/web/markdown-and-academic-writing/
Redirect 301 /web/current-plans/ //2012-2013.chriskrycho.com/web/current-plans/
Redirect 301 /web/a-boat-anchor/ //2012-2013.chriskrycho.com/web/a-boat-anchor/
Redirect 301 /web/kindle-custom-fonts-paperwhite-info/ //2012-2013.chriskrycho.com/web/kindle-custom-fonts-paperwhite-info/
Redirect 301 /web/why-i-love-markdown/ //2012-2013.chriskrycho.com/web/why-i-love-markdown/
Redirect 301 /web/launch-an-editor-with-a-list-of-files-containing-a-string/ //2012-2013.chriskrycho.com/web/launch-an-editor-with-a-list-of-files-containing-a-string/
Redirect 301 /web/four-more-anti-patterns/ //2012-2013.chriskrycho.com/web/four-more-anti-patterns/
Redirect 301 /web/two-absurd-anti-patterns/ //2012-2013.chriskrycho.com/web/two-absurd-anti-patterns/
Redirect 301 /web/bitbucket/ //2012-2013.chriskrycho.com/web/bitbucket/
Redirect 301 /web/stupid-facebook/ //2012-2013.chriskrycho.com/web/stupid-facebook/
Redirect 301 /web/dont-confuse-your-semantics/ //2012-2013.chriskrycho.com/web/dont-confuse-your-semantics/
Redirect 301 /web/a-complaint-ive-made-before/ //2012-2013.chriskrycho.com/web/a-complaint-ive-made-before/
Redirect 301 /web/tumblr-ing/ //2012-2013.chriskrycho.com/web/tumblr-ing/
Redirect 301 /web/not-paying-attention/ //2012-2013.chriskrycho.com/web/not-paying-attention/
Redirect 301 /web/bundling/ //2012-2013.chriskrycho.com/web/bundling/
Redirect 301 /web/latex-mathjax-test/ //2012-2013.chriskrycho.com/web/latex-mathjax-test/
Redirect 301 /web/sicp-for-kindle-improved-by-yours-truly/ //2012-2013.chriskrycho.com/web/sicp-for-kindle-improved-by-yours-truly/
Redirect 301 /web/hilarious-code-obfuscation-technique/ //2012-2013.chriskrycho.com/web/hilarious-code-obfuscation-technique/
Redirect 301 /web/psa-android-browser-and-soft-hyphens/ //2012-2013.chriskrycho.com/web/psa-android-browser-and-soft-hyphens/
Redirect 301 /web/four-theses-on-responsive-design/ //2012-2013.chriskrycho.com/web/four-theses-on-responsive-design/
Redirect 301 /web/custom-fonts-on-kindle/ //2012-2013.chriskrycho.com/web/custom-fonts-on-kindle/
Redirect 301 /web/a-professional-writer-jaimiekrycho-com/ //2012-2013.chriskrycho.com/web/a-professional-writer-jaimiekrycho-com/
Redirect 301 /web/psa-jquery-validate-1-10-0-accept-method/ //2012-2013.chriskrycho.com/web/psa-jquery-validate-1-10-0-accept-method/
Redirect 301 /web/dear-avid-please-sell-sibelius/ //2012-2013.chriskrycho.com/web/dear-avid-please-sell-sibelius/
Redirect 301 /web/dont-sell-out/ //2012-2013.chriskrycho.com/web/dont-sell-out/
Redirect 301 /web/we-live-in-the-future/ //2012-2013.chriskrycho.com/web/we-live-in-the-future/
Redirect 301 /web/restructuring-source-eclipse-cdt-makefile-errors/ //2012-2013.chriskrycho.com/web/restructuring-source-eclipse-cdt-makefile-errors/
Redirect 301 /web/good-programming-in-3-simple-rules/ //2012-2013.chriskrycho.com/web/good-programming-in-3-simple-rules/
Redirect 301 /web/introducing-jira-commit-acceptance-plugin-tweaks-python-batch/ //2012-2013.chriskrycho.com/web/introducing-jira-commit-acceptance-plugin-tweaks-python-batch/
Redirect 301 /web/tools/jira-commit-acceptance-plugin-tweaks/ //2012-2013.chriskrycho.com/web/tools/jira-commit-acceptance-plugin-tweaks/
Redirect 301 /web/tools/run-executable-on-a-network-drive-batch-file/ //2012-2013.chriskrycho.com/web/tools/run-executable-on-a-network-drive-batch-file/
Redirect 301 /web/eclipse-indigo-subversive-and-connectors/ //2012-2013.chriskrycho.com/web/eclipse-indigo-subversive-and-connectors/
Redirect 301 /web/jira-confluence-intranets-and-windows-firewall/ //2012-2013.chriskrycho.com/web/jira-confluence-intranets-and-windows-firewall/
Redirect 301 /web/oh-my/ //2012-2013.chriskrycho.com/web/oh-my/
Redirect 301 /web/bitstream-vera-sans/ //2012-2013.chriskrycho.com/web/bitstream-vera-sans/
Redirect 301 /web/saving-the-bookstore/ //2012-2013.chriskrycho.com/web/saving-the-bookstore/
Redirect 301 /web/platforms-and-data-or-why-google-needs-hootsuite/ //2012-2013.chriskrycho.com/web/platforms-and-data-or-why-google-needs-hootsuite/
Redirect 301 /web/user-agent-detection-will-get-you-in-trouble/ //2012-2013.chriskrycho.com/web/user-agent-detection-will-get-you-in-trouble/
Redirect 301 /web/youll-pay-more-tomorrow/ //2012-2013.chriskrycho.com/web/youll-pay-more-tomorrow/
Redirect 301 /web/read-the-source-luke/ //2012-2013.chriskrycho.com/web/read-the-source-luke/
Redirect 301 /web/unfortunate-lookalikes/ //2012-2013.chriskrycho.com/web/unfortunate-lookalikes/
Redirect 301 /web/a-plea-for-open-data/ //2012-2013.chriskrycho.com/web/a-plea-for-open-data/
Redirect 301 /web/responsive-design-server-side-feature-detection-and-a-big-mess/ //2012-2013.chriskrycho.com/web/responsive-design-server-side-feature-detection-and-a-big-mess/
Redirect 301 /web/the-danger-of-search-engine-optimization/ //2012-2013.chriskrycho.com/web/the-danger-of-search-engine-optimization/
Redirect 301 /web/upgrading-wordpress-manually/ //2012-2013.chriskrycho.com/web/upgrading-wordpress-manually/
Redirect 301 /web/tools/fontify/ //2012-2013.chriskrycho.com/web/tools/fontify/
Redirect 301 /web/dont-kill-kittens/ //2012-2013.chriskrycho.com/web/dont-kill-kittens/
Redirect 301 /web/introducing-typekitify/ //2012-2013.chriskrycho.com/web/introducing-typekitify/
Redirect 301 /web/i-can-hardly-wait/ //2012-2013.chriskrycho.com/web/i-can-hardly-wait/
Redirect 301 /web/tools/ligatures-plus-js/ //2012-2013.chriskrycho.com/web/tools/ligatures-plus-js/
Redirect 301 /web/success-at-the-cost-of-my-children-is-not-success/ //2012-2013.chriskrycho.com/web/success-at-the-cost-of-my-children-is-not-success/
Redirect 301 /web/tools/typekitify/ //2012-2013.chriskrycho.com/web/tools/typekitify/
Redirect 301 /web/death-to-vendor-prefixes/ //2012-2013.chriskrycho.com/web/death-to-vendor-prefixes/
Redirect 301 /web/tools/ //2012-2013.chriskrycho.com/web/tools/
Redirect 301 /web/introducing-ligatures-plus-js/ //2012-2013.chriskrycho.com/web/introducing-ligatures-plus-js/
Redirect 301 /web/giving-up/ //2012-2013.chriskrycho.com/web/giving-up/
Redirect 301 /web/syntax-is-easy-languages-are-a-bit-harder/ //2012-2013.chriskrycho.com/web/syntax-is-easy-languages-are-a-bit-harder/
Redirect 301 /web/on-pirates-and-piracy/ //2012-2013.chriskrycho.com/web/on-pirates-and-piracy/
Redirect 301 /web/adventures-in-css3-typography/ //2012-2013.chriskrycho.com/web/adventures-in-css3-typography/
Redirect 301 /web/a-bit-of-a-bear/ //2012-2013.chriskrycho.com/web/a-bit-of-a-bear/
Redirect 301 /web/senator-wyden-a-congressional-wakeup-call/ //2012-2013.chriskrycho.com/web/senator-wyden-a-congressional-wakeup-call/
Redirect 301 /web/cookiee/ //2012-2013.chriskrycho.com/web/cookiee/
Redirect 301 /web/for-the-record/ //2012-2013.chriskrycho.com/web/for-the-record/
Redirect 301 /web/12-5-hours-of-work/ //2012-2013.chriskrycho.com/web/12-5-hours-of-work/
Redirect 301 /web/measure-matters/ //2012-2013.chriskrycho.com/web/measure-matters/
Redirect 301 /web/clay-shirky-pick-up-the-pitchforks/ //2012-2013.chriskrycho.com/web/clay-shirky-pick-up-the-pitchforks/
Redirect 301 /web/best-comment-on-sopapipa/ //2012-2013.chriskrycho.com/web/best-comment-on-sopapipa/
Redirect 301 /web/no-castle-for-you/ //2012-2013.chriskrycho.com/web/no-castle-for-you/
Redirect 301 /web/a-note-on-defeating-piracy/ //2012-2013.chriskrycho.com/web/a-note-on-defeating-piracy/
Redirect 301 /web/problems-with-sopa-pipa/ //2012-2013.chriskrycho.com/web/problems-with-sopa-pipa/
Redirect 301 /web/subscription-info/ //2012-2013.chriskrycho.com/web/subscription-info/
Redirect 301 /web/css3-and-3d-text/ //2012-2013.chriskrycho.com/web/css3-and-3d-text/
Redirect 301 /web/the-only-mac/ //2012-2013.chriskrycho.com/web/the-only-mac/
Redirect 301 /web/first-cms/ //2012-2013.chriskrycho.com/web/first-cms/
Redirect 301 /web/keyboard-quality-matters/ //2012-2013.chriskrycho.com/web/keyboard-quality-matters/
Redirect 301 /web/version-3-0/ //2012-2013.chriskrycho.com/web/version-3-0/
Redirect 301 /web/web-professionals/ //2012-2013.chriskrycho.com/web/web-professionals/
Redirect 301 /web/process/ //2012-2013.chriskrycho.com/web/process/
Redirect 301 /web/work/ //2012-2013.chriskrycho.com/web/work/

# Everything else to new site
Redirect 301 / //www.chriskrycho.com
