# Redirect default Netlify subdomain to primary domain
http://v5-chriskrycho-com.netlify.com/* https://v5.chriskrycho.com/:splat 301!
https://v5-chriskrycho-com.netlify.com/* https://v5.chriskrycho.com/:splat 301!
http://v5.chriskrycho.com/* https://v5.chriskrycho.com/:splat 301!

# Redirect misconfigured URLs from when I accidentally had `title | slug`
# instead of `fileSlug | slug`.
/journal/relaunch! /journal/relaunch 301!

# A few URLs I changed on purpose after publication
/journal/work-in-progress-composition-for-crew-dragon-demo-2/ /journal/crew-dragon-fanfare/day-1/ 301!
/journal/crew-dragon-fanfare-day-2/ /journal/crew-dragon-fanfare/day-2/ 301!
/journal/crew-dragon-fanfare/day-4/ /journal/crew-dragon-fanfare/day-4-part-1/ 301!
/journal/crew-dragon-fanfare/days-7-and-8/ /journal/crew-dragon-fanfare/day-7/ 301!
/journal/this-week-i-learned-*/ /journal/this-week-i-learned/:splat/ 301!
/appearances/* /elsewhere/:splat 301!
/library/2020-11-28-1146/ /notes/2020-11-28-1146/ 301!
/journal/private-chat-and-dms-are-good-actually/ /essays/private-chat-and-dms-are-good-actually/ 301!
/journal/private-chat-and-dms-are-good-actually/ /essays/private-chat-and-dms-are-good-actually/ 301!
/journal/heuristics-for-good-software-design/introducing-heuristics-for-good-software-design/ /journal/heuristics-for-good-software-design/introduction/ 301!
/photos/life-finds-a-way/ /photos/dinosaur-national-monument/life-finds-a-way/ 301!
/feed-without-notes.json /feeds/without-notes.json 301!
/feed-without-notes.xml /feeds/without-notes.xml 301!
/feed-without-reply.json /feeds/without-reply.json 301!
/library/god-without-measure/volume-1/* /library/god-without-measure/volume-i/:splat 301!
/journal/crew-dragon-fanfare/* /journal/fanfare-for-a-new-era-of-american-spaceflight/:splat 301!
/library/reading-papers/* /library/reading-papers-in-public/:splat 301!

# ...including after I made library collections work correctly
/library/good-theology-demands-good-theologians/ /library/the-culture-of-theology/good-theology-demands-good-theologians/ 301!
/library/the-first-and-last-act-of-theological-existence/ /library/the-culture-of-theology/the-first-and-last-act-of-theological-existence/ 301!
/library/theological-self-criticism/ /library/the-culture-of-theology/theological-self-criticism/ 301!
/library/the-story-of-modern-theology/ /library/the-culture-of-theology/the-story-of-modern-theology/ 301!
/library/christian-theologys-place-in-the-university/ /library/the-culture-of-theology/christian-theologys-place-in-the-university/ 301!
/library/the-real-aim-of-utopias/ /library/the-culture-of-theology/the-real-aim-of-utopias/ 301!
/library/an-anti-culture/ /library/the-culture-of-theology/an-anti-culture/ 301!
/library/christian-astonishment/ /library/the-culture-of-theology/christian-astonishment/ 301!
/library/good-theologians/ /library/the-culture-of-theology/good-theologians/ 301!

/library/perfectionism-without-perfectibility/ /library/politics-and-the-order-of-love/perfectionism-without-perfectibility/ 301!
/library/the-mixed-moral-qualities-of-any-age/ /library/politics-and-the-order-of-love/the-mixed-moral-qualities-of-any-age/ 301!
/library/all-is-broken-and-incomplete-and-politics-can-not-heal-the-rupture/ /library/politics-and-the-order-of-love/all-is-broken-and-incomplete-and-politics-can-not-heal-the-rupture/ 301!
/library/a-chalcedonian-conceptual-grammar-for-love-and-justice/ /library/politics-and-the-order-of-love/a-chalcedonian-conceptual-grammar-for-love-and-justice/ 301!

/library/fall-centered-theological-anthropologies/ /library/eccentric-existence/fall-centered-theological-anthropologies/ 301!
/library/gods-self-commitment-to-creatures/ /library/eccentric-existence/gods-self-commitment-to-creatures/ 301!
/library/problematic/ /library/eccentric-existence/problematic/ 301!
/library/tell-me-your-priors/ /library/eccentric-existence/tell-me-your-priors/ 301!
/library/the-triune-creators-relating-to-creation/ /library/eccentric-existence/the-triune-creators-relating-to-creation/ 301!

# ...and notes redirects for bad slug generation
/notes/feed-for-social.* https://v1.notes.chriskrycho.com/feeds/without-reply.:splat 301!
/notes/* https://v1.notes.chriskrycho.com/:splat 301!

# and topics I merged
/topics/logic-pro-x /topics/logic-pro/ 301!
/topics/auto-tracking /topics/autotracking/ 301!
/topics/ember.js /topics/ember/ 301!
/topics/programming-language /topics/programming-languages/ 301!
/topics/composition /topics/composing 301!
/topics/productivity /topics/working-effectively 301!

# and topics that I turned into collections
/topics/the-culture-of-theology /library/the-culture-of-theology 301!
/topics/the-doctrine-of-scripture /library/the-doctrine-of-scripture 301!

# and then some things I just plain moved
/photos/disney-world-2022-camera-gear/ /journal/disney-world-2022-camera-gear/ 301!
/photos/disney-world-2022-camera-gear/* /journal/disney-world-2022-camera-gear/:splat 301!